,Latitude,Longitude,location,Occurrence Time,Zone / Region,Observer Affiliation,Associated Observation,# Avalanches:,Aspect:,Slope Angle:,Elevation:,Vertical Fall:,Destructive Size:,Relative Size:,Type:,Bed Surface:,Width:,Trigger:,Occurrence Date,Observer type,Avalanche Summary,Slab Thickness:
0,48.402214,-114.13365,,,,,,,,,,,,,,,,,,,,
1,48.402214,-114.13365,Rescue Creek - south chutes,Not Reported,Flathead Range & Glacier NP,fac,View Observation,12,SE,35°,6000 ft,1000 ft,D1.5,R2,WL-Wet Loose,I-New/Old Interface,50 ft,N-Natural,"Apr 23, 2023 (Exact)",forecaster,Sustained sun and warming intitiated these slides. ,
2,48.402214,-114.13365,Rescue Creek - south chutes,Not Reported,Flathead Range & Glacier NP,fac,View Observation,3,SE,35°,6200 ft,1200 ft,D2,R2,WL-Wet Loose,I-New/Old Interface,50 ft,N-Natural,"Apr 23, 2023 (Exact)",forecaster,Sustained sun and warming intitiated these slides. ,
3,48.402214,-114.13365,Below Crystal Point,00:22 (Exact),Other,fac,View Observation,3,W,,5700 ft,20 ft,D1,R1,WL-Wet Loose,I-New/Old Interface,25 ft,AS-Skierc-Intentional,"Apr 20, 2023 (Exact)",public,Small wet loose avalanche(s) triggered over steep rollovers on small test slopes while skiing back to the loop. These avalanches failed predictably on the old snow/new snow interface and moved slowly downhill entraining storm snow until the slope flattened out (picture attached).,30 cm (1 ft)
4,48.402214,-114.13365,48.1078N / -113.8832W,Not Reported,Swan Range,fac,View Observation,1,SW,,6500 ft,,D2,,,,,N-Natural,"Apr 11, 2023 (Exact)",public,This slide occurred on a new glide crack that recently opened up above a larger crack first observed in late Feb. ,
5,48.402214,-114.13365,Flathead,Not Reported,Flathead Range & Glacier NP,fac,View Observation,2,N,,6500 ft,,D1.5,,SS-Soft Slab,I-New/Old Interface,100 ft,AS-Skierc-Intentional,"Apr 2, 2023 (Exact)",public,,20 cm (0.5 ft)
6,48.402214,-114.13365,Flathead,12:12 (Exact),Flathead Range & Glacier NP,fac,View Observation,1,N,40°,6300 ft,10 ft,D1,R1,SS-Soft Slab,I-New/Old Interface,25 ft,N-Naturalc-Intentional,"Apr 2, 2023 (Exact)",forecaster,,30 cm (1 ft)
7,48.402214,-114.13365,Flathead,12:19 (Exact),Flathead Range & Glacier NP,fac,View Observation,1,NW,38°,6400 ft,800 ft,D1.5,R1,SS-Soft Slab,I-New/Old Interface,20 ft,AS-Skierc-Intentional,"Apr 2, 2023 (Exact)",forecaster,,30 cm (1 ft)
8,48.402214,-114.13365,Crystal Creek,Not Reported,Flathead Range & Glacier NP,fac,View Observation,1,NE,35°,6200 ft,,D2,R2,SS-Soft Slab,I-New/Old Interface,300 ft,AR-Snowboarderu-Unintentional,"Apr 2, 2023 (Exact)",public,Triggered when rider jumped onto slope and fell. Rider able to esape debris.,25 cm (1 ft)
9,48.402214,-114.13365,Swan,Not Reported,Swan Range,fac,View Observation,1,,,,,D1,,SS-Soft Slab,I-New/Old Interface,,AM-Snowmobileu-Unintentional,"Apr 2, 2023 (Exact)",forecaster,,
10,48.402214,-114.13365,Heavens Peak - Heavens Gate,Not Reported,Other,fac,View Observation,4,E,,8200 ft,,D2.5,R3,U-Unknown,U-Unknown,2000 ft,N-Natural,"Apr 2, 2023 (Estimated)",public,"Estimate on date and size, did not get clear view of runouts. Largest continuous crown estimated over 2000' wide on maps in office.",
11,48.402214,-114.13365,Diamond Peak,Not Reported,Whitefish Range,fac,View Observation,1,E,,6700 ft,,D1.5,,HS-Hard Slab,I-New/Old Interface,,AM-Snowmobile,"Apr 2, 2023 (Exact)",public,,50 cm (1.5 ft)
12,48.402214,-114.13365,Upper Wahoo,00:19 (Exact),Flathead Range & Glacier NP,fac,View Observation,1,NE,38°,6400 ft,150 ft,D1,R2,SS-Soft Slab,I-New/Old Interface,50 ft,AS-Skierc-Intentional,"Apr 2, 2023 (Exact)",public,Ski cut 38* test slope and triggered a predictable soft wind slab avalanche.,30 cm (1 ft)
13,48.402214,-114.13365,Upper Wahoo,00:20 (Exact),Flathead Range & Glacier NP,fac,View Observation,1,NE,38°,6400 ft,150 ft,D2,R3,SS-Soft Slab,O-Old Snow,150 ft,AR-Snowboarderu-Unintentional,"Apr 2, 2023 (Exact)",public,"After observing crown of intentionally triggered wind slab listed above, while skiing off of the bed surface of the wind slab avalanche a snowboarder triggered a deeper persistant slab avalanche. The snowboarder was caught and carried ~75ft downhill. The snowboarder came to rest on top of the debris. The avalanche failed on a layer of recently buried near surface facets under recently consolidated surface snow. ",40 cm (1.5 ft)
14,48.402214,-114.13365,Upper Wahoo,00:20 (Exact),Flathead Range & Glacier NP,fac,View Observation,1,NE,35°,6200 ft,200 ft,D1.5,R3,SS-Soft Slab,I-New/Old Interface,50 ft,AR-Snowboarderu-Unintentional,"Apr 2, 2023 (Exact)",public,"This avalanche was unintentionally triggered at the flank, from a connected lower angle slope while descending. The slab propagated up (well above the rider) and across the small slope. Rider was easily able to avoid getting caught. ",30 cm (1 ft)
15,48.402214,-114.13365,Flathead,12:15 (Exact),Flathead Range & Glacier NP,fac,View Observation,1,E,33°,6500 ft,900 ft,D2,R3,SS-Soft Slab,I-New/Old Interface,600 ft,AS-Skieru-Unintentional,"Apr 2, 2023 (Exact)",forecaster,Triggered this while walking a 33 degree ridgeline. This slab wrapped from an east facing aspect all the way around to a west facing aspect. Moving debris pushed me downhill approximately 15 feet. ,80 cm (2.5 ft)
16,48.402214,-114.13365,Tranquil Basin,Not Reported,Flathead Range & Glacier NP,fac,View Observation,1,NE,,6700 ft,300 ft,D2,,U-Unknown,U-Unknown,175 ft,N-Natural,"Apr 1, 2023 (Estimated)",forecaster,Released below rocks on leeward slope about 250 ft below ridge. Crown linked across small terrain features.,
17,48.402214,-114.13365,Tranquil Basin,Not Reported,Flathead Range & Glacier NP,fac,View Observation,1,E,,6900 ft,300 ft,D1,R1,U-Unknown,U-Unknown,50 ft,N-Natural,"Apr 1, 2023 (Estimated)",forecaster,"Small, narrow natural avalanche that broke below rocks on leeward slope. Debris did not trigger slab on slope below.",
18,48.402214,-114.13365,Flathead,23:21 (Estimated),Flathead Range & Glacier NP,fac,View Observation,3,SE,40°,7000 ft,1500 ft,D2,R2,U-Unknown,U-Unknown,,N-Natural,"Apr 1, 2023 (Estimated)",forecaster,Saw a few large debris piles that looked like they failed overnight or in the early hours of the morning. ,
19,48.402214,-114.13365,Adjacent to WMR,Not Reported,Whitefish Range,fac,View Observation,8,SW,,,,D2,,WL-Wet Loose,,,N-Natural,"Mar 29, 2023 (Estimated)",public,,
20,48.402214,-114.13365,Within The Bubble marked on Map Location above,Not Reported,Swan Range,fac,View Observation,1,NW,,5900 ft,,D1,,L-Dry Loose,,,AS-Skierc-Intentional,"Mar 25, 2023 (Exact)",public,I'd say about 6 inches of new snow slid freely on the smooth icy crust.  The crusts in this area were patchy but were found to be quite hard and supportable a week ago.,
21,48.402214,-114.13365,Central Whitefish Range,11:48 (Exact),Whitefish Range,fac,View Observation,1,NE,40°,7000 ft,700 ft,D2,R3,HS-Hard Slab,O-Old Snow,60 ft,AC-Human-caused cornice fallc-Intentional,"Mar 22, 2023 (Exact)",forecaster,Cornice fall triggered a Hard Slab 2 feet thick. The slope did not have a lot of room for it to propagate widely. Rocky terrain and thin snowpack reduced the likelihood for that. ,50 cm (1.5 ft)
22,48.402214,-114.13365,Flathead Range,Not Reported,Flathead Range & Glacier NP,fac,View Observation,1,E,,8000 ft,,D1.5,,C-Cornice,,,,"Mar 21, 2023 (Exact)",forecaster,,
23,48.402214,-114.13365,Apgars,Not Reported,Whitefish Range,fac,View Observation,3,SW,,6400 ft,,D2,,WL-Wet Loose,,,,"Mar 19, 2023 (Estimated)",forecaster,Various old piles of wet debris. Unknown date. ,
24,48.402214,-114.13365,Red Crow Mountain,Not Reported,Other,fac,View Observation,1,SE,,7700 ft,800 ft,D2.5,R3,HS-Hard Slab,O-Old Snow,500 ft,AW-Wildlife,"Mar 18, 2023 (Exact)",forecaster, ,80 cm (2.5 ft)
25,48.402214,-114.13365,Marion Lake,Not Reported,Flathead Range & Glacier NP,fac,View Observation,10,SE,40°,7000 ft,1000 ft,D1,,WL-Wet Loose,,,N-Natural,"Mar 16, 2023 (Estimated)",forecaster,Suspect the wet loose observed on the high point above marion failed on the first day of solar after a few inches of snow fell. ,
26,48.402214,-114.13365,Dickey,Not Reported,Flathead Range & Glacier NP,fac,View Observation,1,SE,,7400 ft,,D2,,HS-Hard Slab,,,N-Natural,"Mar 15, 2023 (Estimated)",forecaster,I'm guessing it was a hard slab. Failed just below ridgeline. Crown looked crisper than old crowns observed on Cameahwait. ,
27,48.402214,-114.13365,Swan Lake,13:45 (Exact),Swan Range,fac,View Observation,1,NW,35°,7100 ft,100 ft,D1,R1,SS-Soft Slab,S-New Snow,40 ft,AS-Skiery-Sympathetic,"Mar 15, 2023 (Exact)",forecaster,Avalanche failed on adjacent slope after intentionally triggering a small avalanche. ,10 cm (0.5 ft)
28,48.402214,-114.13365,Swan Lake,13:45 (Exact),Swan Range,fac,View Observation,1,N,35°,7200 ft,200 ft,D1.5,R1,SS-Soft Slab,S-New Snow,60 ft,AS-Skierc-Intentional,"Mar 15, 2023 (Exact)",forecaster,,10 cm (0.5 ft)
29,48.402214,-114.13365,Marion,Not Reported,Flathead Range & Glacier NP,fac,View Observation,1,SE,,5500 ft,,D1.5,,WL-Wet Loose,,,N-Natural,"Mar 14, 2023 (Estimated)",forecaster,A wet loose ran down and touched the marion lake trail. Suspect this failed during rain event? ,
30,48.402214,-114.13365,Devil's Hump West,Not Reported,Flathead Range & Glacier NP,fac,View Observation,1,N,,7250 ft,,D2.5,,HS-Hard Slab,,,N-Natural,"Mar 14, 2023 (Estimated)",public,"Large avalanche crown observed (photo attached as well) from Snowslip's E ridge above Shed 7. Estimated date of occurrence given the fresh snow obscuring the debris. The avalanche may have been triggered by a natural smaller slab avalanche above, but it was hard telling from our vantage point..",200 cm (6.5 ft)
31,48.402214,-114.13365,East face of Elk Mtn,Not Reported,Flathead Range & Glacier NP,fac,View Observation,1,E,,6600 ft,1000 ft,D2.5,R3,HS-Hard Slab,O-Old Snow,200 ft,N-Natural,"Mar 14, 2023 (Estimated)",public,Details on elevation and crown dimensions are estimated. Looks to have failed on an old persistent weak layer.,150 cm (5 ft)
32,48.402214,-114.13365,Swan Lake,Not Reported,Swan Range,fac,View Observation,1,S,,,,D1.5,R1,WL-Wet Loose,,,N-Natural,"Mar 13, 2023 (Estimated)",forecaster,Debris piled on road. Originated in steep rocky terrain. Could not see start zone.,
33,48.402214,-114.13365,Swan Lake,Not Reported,Swan Range,fac,View Observation,2,NW,,,,D1.5,R1,WL-Wet Loose,,,N-Natural,"Mar 13, 2023 (Estimated)",forecaster,Debris piles on road. Originated in steep rocky terrain. Could not see start zone.,
34,48.402214,-114.13365,Nyack Mountain,Not Reported,Flathead Range & Glacier NP,fac,View Observation,3,NE,,7400 ft,,D1,,L-Dry Loose,S-New Snow,,N-Natural,"Mar 12, 2023 (Exact)",public,,
35,48.402214,-114.13365,Wahoo Creek,Not Reported,Flathead Range & Glacier NP,fac,View Observation,3,NE,,6000 ft,,D1,,L-Dry Loose,S-New Snow,,AS-Skier,"Mar 12, 2023 (Exact)",public,,
36,48.402214,-114.13365,Jakes - S face Snowslip Mtn,00:28 (Exact),Flathead Range & Glacier NP,fac,View Observation,1,S,45°,5000 ft,600 ft,D2,R3,WL-Wet Loose,O-Old Snow,,N-Natural,"Mar 12, 2023 (Exact)",public,Initiated in surface wet snow but then gouged down deeper into the snowpack,
37,48.402214,-114.13365,Apgar Range,Not Reported,Whitefish Range,fac,View Observation,10,SE,,5500 ft,,D1,,WL-Wet Loose,,,N-Natural,"Mar 12, 2023 (Exact)",public,,
38,48.402214,-114.13365,Hay Creek,Not Reported,Whitefish Range,fac,View Observation,1,S,35°,4500 ft,100 ft,D1,R1,WL-Wet Loose,S-New Snow,,,"Mar 8, 2023 (Exact)",forecaster,,
39,48.402214,-114.13365,Diamond Peak,Not Reported,Whitefish Range,fac,View Observation,4,E,40°,7000 ft,200 ft,D1,R1,L-Dry Loose,S-New Snow,,N-Natural,"Mar 8, 2023 (Exact)",forecaster,Several loose dry in steep rocky terrain.  The longest (not pictured) ran ~400 ft.  ,
40,48.402214,-114.13365,2,Not Reported,Whitefish Range,fac,View Observation,1,SE,45°,6800 ft,100 ft,D1,R1,WL-Wet Loose,S-New Snow,,N-Natural,"Mar 8, 2023 (Exact)",forecaster,"A couple loose wet in the sunniest, rockiest terrain. ",
41,48.402214,-114.13365,Green Mountain,Not Reported,Whitefish Range,fac,View Observation,1,E,38°,7600 ft,800 ft,D2,R2,HS-Hard Slab,O-Old Snow,200 ft,AM-Snowmobileu-Unintentional,"Mar 7, 2023 (Estimated)",forecaster,Original avalanche observation is posted on 3/8/23. ,60 cm (2 ft)
42,48.402214,-114.13365,"Nyack Mountain, northeast face",Not Reported,Flathead Range & Glacier NP,fac,View Observation,1,NE,,7000 ft,,D3,,,,,NC-Cornice Fall,"Mar 5, 2023 (Estimated)",forecaster,"Appears to be a cornice fall onto the slope. The crown at the top of the slide seems to be around 5 ft. Did not notice crowns and debris from below, in Rescue Creek. Noticed when dropped into run. Party reports it's possible that they triggered the cornice fall remotely  from opposite side of ridge while ascending. ",60 cm (2 ft)
43,48.402214,-114.13365,Tranquil Creek,15:15 (Exact),Flathead Range & Glacier NP,fac,View Observation,1,W,,5900 ft,,D1,R1,SS-Soft Slab,U-Unknown,10 ft,AS-Skieru-Unintentional,"Mar 3, 2023 (Exact)",forecaster,"Small soft slab of new/ drifted snow released while cutting across a short, steep slope.",20 cm (0.5 ft)
44,48.402214,-114.13365,Nyack Mountain,Not Reported,Flathead Range & Glacier NP,fac,View Observation,1,NE,38°,7150 ft,500 ft,D3,R4,HS-Hard Slab,O-Old Snow,1500 ft,N-Natural,"Mar 2, 2023 (Estimated)",forecaster,,150 cm (5 ft)
45,48.402214,-114.13365,54-1,Not Reported,Other,fac,View Observation,1,N,,7000 ft,3300 ft,D3.5,R4,HS-Hard Slab,U-Unknown,1300 ft,N-Natural,"Mar 2, 2023 (Estimated)",public,"Best guess for timing is similar to large natural avalanche on Nyak (March 2, 2023) with possible additional more recent avalanche since then as some of the debris appears to be more fresh (less buried in recent snowfall).",
46,48.402214,-114.13365,Swan,Not Reported,Swan Range,fac,View Observation,4,E,,7100 ft,,D1,,SS-Soft Slab,I-New/Old Interface,,N-Natural,"Mar 2, 2023 (Estimated)",forecaster,Suspect this failed on on the 2nd when winds increased the day after Noisy basin picked up an inche of water. ,30 cm (1 ft)
47,48.402214,-114.13365,Hay Creek,Not Reported,Whitefish Range,fac,View Observation,1,SE,40°,6500 ft,1500 ft,D3,R4,HS-Hard Slab,O-Old Snow,600 ft,N-Natural,"Mar 2, 2023 (Estimated)",forecaster,,100 cm (3.5 ft)
48,48.402214,-114.13365,Garden Wall,Not Reported,Other,fac,View Observation,1,SW,,8000 ft,,D2.5,R2,U-Unknown,U-Unknown,,N-Natural,"Mar 2, 2023 (Estimated)",public,"Best guess for timing is similar to large natural avalanche on Nyak (March 2, 2023) with partially refilled crown and debris covered in recent snowfall.",
49,48.402214,-114.13365,Big Bend,Not Reported,Other,fac,View Observation,1,W,,7900 ft,,D2.5,R3,U-Unknown,U-Unknown,,N-Natural,"Mar 2, 2023 (Estimated)",public,"Best guess for timing is similar to large natural avalanche on Nyak (March 2, 2023) with partially refilled crown and no view of debris/runout.",
50,48.402214,-114.13365,Skookaleel Creek,13:15 (Exact),Whitefish Range,fac,View Observation,1,,38°,6200 ft,50 ft,D1.5,R2,WL-Wet Loose,I-New/Old Interface,,AS-Skieru-Unintentional,"Mar 1, 2023 (Exact)",forecaster,"Turns on a short, very steep slope produced a wet loose sluff that quickly entrained the moist surface snow. Had the pitch been continuous, it easily could have grown into a D2 or larger.",
51,48.402214,-114.13365,Elk Moutain - Middle Path,Not Reported,Other,fac,View Observation,1,E,40°,6900 ft,1800 ft,D3,R3,HS-Hard Slab,U-Unknown,500 ft,N-Natural,"Feb 28, 2023 (Estimated)",forecaster,,100 cm (3.5 ft)
52,48.402214,-114.13365,Elk Mountain - North Path,Not Reported,Other,fac,View Observation,1,SE,40°,6800 ft,1500 ft,D2.5,R3,HS-Hard Slab,U-Unknown,400 ft,N-Natural,"Feb 28, 2023 (Estimated)",forecaster,,100 cm (3.5 ft)
53,48.402214,-114.13365,Elk Moutain - Middle Path,Not Reported,Other,fac,View Observation,1,E,40°,6700 ft,1000 ft,D2.5,R2,HS-Hard Slab,U-Unknown,250 ft,N-Natural,"Feb 28, 2023 (Estimated)",forecaster,,100 cm (3.5 ft)
54,48.402214,-114.13365,Flattop Mountain,Not Reported,Other,fac,View Observation,1,N,,6500 ft,,D2,,HS-Hard Slab,U-Unknown,,NC-Cornice Fall,"Feb 27, 2023 (Estimated)",public,,60 cm (2 ft)
55,48.402214,-114.13365,Middle Fork,14:15 (Exact),Flathead Range & Glacier NP,fac,View Observation,1,N,,6000 ft,15 ft,D1,R1,SS-Soft Slab,I-New/Old Interface,12 ft,AS-Skierc-Intentional,"Feb 26, 2023 (Exact)",forecaster,Ski cut produced a small soft slab on the lee side of a mid-elevation ridge. ,15 cm (0.5 ft)
56,48.402214,-114.13365,48.1072N / -113.8841W,Not Reported,Swan Range,fac,View Observation,1,SW,,6500 ft,,D2,,HS-Hard Slab,,,N-Natural,"Feb 26, 2023 (Estimated)",public,Could not see debris field but  guessing HS rather than SS,
57,48.402214,-114.13365,Whitefish Mountain,Not Reported,Whitefish Range,fac,View Observation,1,NE,,7100 ft,,D2,,,,,N-Natural,"Feb 24, 2023 (Estimated)",forecaster,Fracture line partially visible midway up west bowl on Whitefish Mountain. Coudn't make out details/ dimensions because of poor visibility and recent and drifted snow.,
58,48.402214,-114.13365,Upper Whitefish Lake road,Not Reported,Whitefish Range,fac,View Observation,2,W,,5800 ft,600 ft,D2.5,R3,HS-Hard Slab,U-Unknown,,N-Natural,"Feb 24, 2023 (Estimated)",forecaster,2 slides across groomed trail (previously reported) that occurred before Sunday (based on convo w NMA). Recent and drifted snow on debris and crown obscured dimensions. Some of crowns still visible; debris ran to creek but not up other side. 6-10 ft debris on road. Uppermost 2 of 3 paths. Passable on sleds thanks to carved out trough. . ,
59,48.402214,-114.13365,Mt. Adams east Face,Not Reported,Flathead Range & Glacier NP,fac,View Observation,1,E,,6900 ft,,D3.5,,HS-Hard Slab,O-Old Snow,1500 ft,N-Natural,"Feb 24, 2023 (Estimated)",forecaster,Reported by 2 observers 3/5; a 3rd observer reported seeing the crown on 2/25. Possibly triggered by cornice fall. Runout not visible. ,125 cm (4 ft)
60,48.402214,-114.13365,Central Whitefish Range,Not Reported,Whitefish Range,fac,View Observation,1,SE,,5800 ft,,D1.5,,SS-Soft Slab,,,N-Natural,"Feb 23, 2023 (Estimated)",public,,
61,48.402214,-114.13365,Skiumah,Not Reported,Flathead Range & Glacier NP,fac,View Observation,1,SE,,6800 ft,,D2,,,,,N-Natural,"Feb 23, 2023 (Estimated)",forecaster,,
62,48.402214,-114.13365,Marston,Not Reported,Whitefish Range,fac,View Observation,1,NE,,5400 ft,15 ft,D1,,C-Cornice,,,N-Natural,"Feb 23, 2023 (Estimated)",forecaster,,
63,48.402214,-114.13365,Grant Ridge/ S. Fork Tunnel Ridge,Not Reported,Flathead Range & Glacier NP,fac,View Observation,1,E,,7600 ft,,D3,,U-Unknown,U-Unknown,500 ft,N-Natural,"Feb 22, 2023 (Estimated)",forecaster,"Crown face and bed surface partially filled in. Ran from ridgeline, then broke mmuch wider severl hundred feet down. Couldn't see runout or full extent of fracture line. Guessing hard slab on old snow.",
64,48.402214,-114.13365,Rescue Creek,Not Reported,Flathead Range & Glacier NP,fac,View Observation,2,NE,,7000 ft,2500 ft,D3,,HS-Hard Slab,,,N-Natural,"Feb 21, 2023 (Estimated)",forecaster,I did not see the starting zone of either of these avalanches. Therefore I can not fill out all of the data accurately.,
65,48.402214,-114.13365,Rescue Creek,Not Reported,Flathead Range & Glacier NP,fac,View Observation,2,SE,,6500 ft,2000 ft,D3,,HS-Hard Slab,,,N-Natural,"Feb 21, 2023 (Estimated)",forecaster,I did not see the starting zone of either of these avalanches. Therefore I can not fill out all of the data accurately.,
66,48.402214,-114.13365,Rescue Creek,Not Reported,Flathead Range & Glacier NP,fac,View Observation,4,SE,,6500 ft,2000 ft,D2,,SS-Soft Slab,,,N-Natural,"Feb 21, 2023 (Estimated)",forecaster,I did not see the starting zone of any of these avalanches. Therefore I can not fill out all of the data accurately.,
67,48.402214,-114.13365,Rescue Creek,Not Reported,Flathead Range & Glacier NP,fac,View Observation,4,NE,,6500 ft,2000 ft,D2,,SS-Soft Slab,,,N-Natural,"Feb 21, 2023 (Estimated)",forecaster,I did not see the starting zone of any of these avalanches. Therefore I can not fill out all of the data accurately.,
68,48.402214,-114.13365,Flathead Range,12:22 (Exact),Flathead Range & Glacier NP,fac,View Observation,6,E,40°,6000 ft,100 ft,D1,R2,L-Dry Loose,,,AS-Skierc-Intentional,"Feb 21, 2023 (Exact)",forecaster,Another wind drifted test slope had propagation. ,
69,48.402214,-114.13365,Cascadilla Creek Nyack Mtn NE face,Not Reported,Flathead Range & Glacier NP,fac,View Observation,4,NE,,,,,,,,,N-Natural,"Feb 21, 2023 (Exact)",public,D2 to D3. Crowns running several hundred feet and ranging from 1-4+ feet thick.,
70,48.402214,-114.13365,SE-facing slopes off the Skiumah/Great Bear divide,Not Reported,Flathead Range & Glacier NP,fac,View Observation,4,SE,,,,D2,,U-Unknown,U-Unknown,,N-Natural,"Feb 21, 2023 (Estimated)",public,Several more crowns further up the basin and looker's right,
71,48.402214,-114.13365,Central Whitefish,Not Reported,Whitefish Range,fac,View Observation,1,NE,40°,7000 ft,1000 ft,D3,R3,HS-Hard Slab,O-Old Snow,300 ft,N-Natural,"Feb 21, 2023 (Estimated)",forecaster,Old crown. Appeared 5 feet thick. ,150 cm (5 ft)
72,48.402214,-114.13365,Slopes to the west above Skiumah Lake,Not Reported,Flathead Range & Glacier NP,fac,View Observation,1,E,,5200 ft,800 ft,D2.5,R2,HS-Hard Slab,O-Old Snow,200 ft,N-Natural,"Feb 21, 2023 (Estimated)",public,Uncertain bed surface/failure layer and crown length,100 cm (3.5 ft)
73,48.402214,-114.13365,NE face of Peak 7510,Not Reported,Flathead Range & Glacier NP,fac,View Observation,1,NE,,6200 ft,1800 ft,D3,R3,HS-Hard Slab,O-Old Snow,700 ft,N-Natural,"Feb 21, 2023 (Estimated)",public,Crown details estimated. Thinking this might be a hard slab failing on old PWL,100 cm (3.5 ft)
74,48.402214,-114.13365,Snowshed Mtn,Not Reported,Flathead Range & Glacier NP,fac,View Observation,1,SE,,7000 ft,,D2,R2,U-Unknown,U-Unknown,,N-Natural,"Feb 21, 2023 (Estimated)",public,"Observed from Java East along the rail. Could only view part of the crown, D2 at least",100 cm (3.5 ft)
75,48.402214,-114.13365,Snowshed Mtn,Not Reported,Flathead Range & Glacier NP,fac,View Observation,1,E,,6800 ft,,D2,R3,U-Unknown,U-Unknown,2800 ft,N-Natural,"Feb 21, 2023 (Estimated)",public,Observed from Java East along the rail. May be the same avalanche reported on Feb 20th? Could only view part of the crown. D2 at least.,100 cm (3.5 ft)
76,48.402214,-114.13365,NNE face Mt Penrose,Not Reported,Flathead Range & Glacier NP,fac,View Observation,1,N,,7200 ft,2800 ft,D3,R2,HS-Hard Slab,O-Old Snow,,N-Natural,"Feb 21, 2023 (Estimated)",public,Looked to be a big hard slab. Visibility limited by fog. Elevation and crown size estimated.,150 cm (5 ft)
77,48.402214,-114.13365,Nyack Area,01:32 (Estimated),Flathead Range & Glacier NP,fac,View Observation,2,E,,7000 ft,,D2.5,R3,HS-Hard Slab,O-Old Snow,,N-Natural,"Feb 21, 2023 (Estimated)",forecaster,Rough estimate of the number of avalanches observed not already accounted for. Counted roughly 12 D2 and D3 size avalanches. ,
78,48.402214,-114.13365,Noisy,Not Reported,Swan Range,fac,View Observation,3,NE,,6700 ft,,D1.5,,SS-Soft Slab,U-Unknown,200 ft,N-Natural,"Feb 21, 2023 (Estimated)",forecaster,Observed three crowns. Appeared to be soft slabs. Varying aspects. ,40 cm (1.5 ft)
79,48.402214,-114.13365,Hay Creek,Not Reported,Whitefish Range,fac,View Observation,1,SE,40°,6500 ft,1200 ft,D3,R3,HS-Hard Slab,O-Old Snow,600 ft,N-Natural,"Feb 21, 2023 (Estimated)",forecaster,,100 cm (3.5 ft)
80,48.402214,-114.13365,Cascadilla,Not Reported,Flathead Range & Glacier NP,fac,View Observation,1,NE,,6600 ft,500 ft,D3,R3,HS-Hard Slab,,600 ft,N-Natural,"Feb 20, 2023 (Estimated)",forecaster,,100 cm (3.5 ft)
81,48.402214,-114.13365,Cascadilla,Not Reported,Flathead Range & Glacier NP,fac,View Observation,1,E,,6400 ft,250 ft,D3,R2,HS-Hard Slab,,500 ft,N-Natural,"Feb 20, 2023 (Estimated)",forecaster,,100 cm (3.5 ft)
82,48.402214,-114.13365,Cascadilla,Not Reported,Flathead Range & Glacier NP,fac,View Observation,10,NW,,5200 ft,200 ft,D1.5,R2,SS-Soft Slab,I-New/Old Interface,,N-Natural,"Feb 20, 2023 (Estimated)",forecaster,Width varied between 40-150 feet,40 cm (1.5 ft)
83,48.402214,-114.13365,Cascadilla,Not Reported,Flathead Range & Glacier NP,fac,View Observation,6,SE,,5800 ft,1300 ft,D2,,SS-Soft Slab,I-New/Old Interface,,N-Natural,"Feb 20, 2023 (Estimated)",forecaster,I could not see the crowns and therefore can not estimate slab characteristics,
84,48.402214,-114.13365,Northeast-facing slope below Snowshed Mountain.,Not Reported,Flathead Range & Glacier NP,fac,View Observation,1,NE,,6800 ft,300 ft,D2,,HS-Hard Slab,I-New/Old Interface,150 ft,N-Natural,"Feb 20, 2023 (Estimated)",forecaster,We estimated that the wind loaded the slope to the tipping point. We could not safely access the crown.,3 cm (0 ft)
85,48.402214,-114.13365,Flathead Range,23:01 (Exact),Flathead Range & Glacier NP,fac,View Observation,5,NE,40°,6000 ft,,D2,R3,HS-Hard Slab,O-Old Snow,500 ft,N-Natural,"Feb 20, 2023 (Exact)",forecaster,Observed 5+ D2s or D3s off Mt. Penrose up Chrystal Drainage. Crowns spanned long distances and wrapped around terrain features. ,100 cm (3.5 ft)
86,48.402214,-114.13365,Mt Marston,Not Reported,Whitefish Range,fac,View Observation,4,SE,,6300 ft,10 ft,D1,R1,L-Dry Loose,I-New/Old Interface,,N-Natural,"Feb 20, 2023 (Estimated)",forecaster,,30 cm (1 ft)
87,48.402214,-114.13365,Marston,Not Reported,Whitefish Range,fac,View Observation,2,SE,35°,6300 ft,10 ft,D1,R1,SS-Soft Slab,I-New/Old Interface,20 ft,N-Natural,"Feb 20, 2023 (Estimated)",forecaster,,30 cm (1 ft)
88,48.402214,-114.13365,Marston,Not Reported,Whitefish Range,fac,View Observation,1,SE,45°,6800 ft,100 ft,D1,R1,SS-Soft Slab,I-New/Old Interface,50 ft,N-Natural,"Feb 20, 2023 (Estimated)",forecaster,,30 cm (1 ft)
89,48.402214,-114.13365,Nyack,23:35 (Estimated),Flathead Range & Glacier NP,fac,View Observation,2,E,,,,D3,R2,HS-Hard Slab,O-Old Snow,,N-Natural,"Feb 20, 2023 (Estimated)",forecaster,Rough estimate of the number of avalanches observed not already accounted for.,
90,48.402214,-114.13365,Cascadilla,Not Reported,Flathead Range & Glacier NP,fac,View Observation,5,NW,,5500 ft,1000 ft,D2,,SS-Soft Slab,I-New/Old Interface,,N-Natural,"Feb 20, 2023 (Estimated)",forecaster,I could not see the crowns and therefore can not estimate slab characteristics,
91,48.402214,-114.13365,Cascadilla,Not Reported,Flathead Range & Glacier NP,fac,View Observation,1,SE,,5900 ft,1400 ft,D3,,HS-Hard Slab,,,N-Natural,"Feb 20, 2023 (Estimated)",forecaster,I could not see the crowns and therefore can not estimate slab characteristics,
92,48.402214,-114.13365,Snowshed,23:36 (Estimated),Flathead Range & Glacier NP,fac,View Observation,1,,,7000 ft,800 ft,D3,R4,HS-Hard Slab,O-Old Snow,1800 ft,N-Natural,"Feb 20, 2023 (Estimated)",forecaster,This slab failed on facets just below the mid-January crust. We traced crownline 1200 feet and it conitnued out of site. Visibility was poor. ,90 cm (3 ft)
93,48.402214,-114.13365,Fern,Not Reported,Whitefish Range,fac,View Observation,1,SE,32°,6000 ft,250 ft,D2,R2,SS-Soft Slab,O-Old Snow,150 ft,AS-Skieru-Unintentional,"Feb 19, 2023 (Exact)",public,,45 cm (1.5 ft)
94,48.402214,-114.13365,Marion,Not Reported,Flathead Range & Glacier NP,fac,View Observation,1,SE,,6700 ft,,D1,,SS-Soft Slab,,,AS-Skierc-Intentional,"Feb 19, 2023 (Exact)",public,,
95,48.402214,-114.13365,West Side Swan,14:12 (Exact),Swan Range,fac,View Observation,1,NW,37°,6550 ft,20 ft,D1,R1,SS-Soft Slab,O-Old Snow,30 ft,AS-Skieru-Unintentional,"Feb 19, 2023 (Exact)",forecaster,Knocked me off my feet. Carried a very short distance before coming to a stop on a small bench. ,45 cm (1.5 ft)
96,48.402214,-114.13365,West Side Swan,12:15 (Exact),Swan Range,fac,View Observation,10,NW,38°,6000 ft,30 ft,D1,R1,L-Dry Loose,S-New Snow,,AS-Skierc-Intentional,"Feb 19, 2023 (Exact)",forecaster,Muliple loose dry triggered intentionally on descent. Easy to manage. Few cracked and behaved like soft slab. ,
97,48.402214,-114.13365,Running Rabbit,Not Reported,Flathead Range & Glacier NP,fac,View Observation,1,N,,7000 ft,,D1,,SS-Soft Slab,,,AC-Human-caused cornice fallc-Intentional,"Feb 14, 2023 (Exact)",public,Triggered a small soft wind slab avalanche on a north/northeast aspect off running rabbit while traversing a ridgeline. It broke 25-30ft across and ran ~200 vertical feet. ,3 cm (0 ft)
98,48.402214,-114.13365,Jewel Basin- estimated NE slope,Not Reported,Swan Range,fac,View Observation,1,NE,38°,7000 ft,250 ft,D1.5,,SS-Soft Slab,I-New/Old Interface,100 ft,N-Natural,"Feb 12, 2023 (Estimated)",forecaster,"photo taken from 48.18783, -113.94605- standing at 6465 feet. Most of the details unknown. ",6 cm (0 ft)
99,48.402214,-114.13365,"Peak 7,787 (above Marion Lake)",Not Reported,Flathead Range & Glacier NP,fac,View Observation,1,E,45°,7750 ft,,D1,R3,SS-Soft Slab,,,N-Natural,"Feb 11, 2023 (Estimated)",public,"Difficult to see debris. crown evident and observed in ""pocket"" terrain. ",
100,48.402214,-114.13365,Essex Mountain,Not Reported,Flathead Range & Glacier NP,fac,View Observation,1,NW,45°,6000 ft,800 ft,D1.5,R3,HS-Hard Slab,U-Unknown,,N-Natural,"Feb 11, 2023 (Estimated)",public,,
101,48.402214,-114.13365,Flathead Range,Not Reported,Flathead Range & Glacier NP,fac,View Observation,2,NE,,,,D2,,HS-Hard Slab,,,N-Natural,"Feb 10, 2023 (Estimated)",public,,
102,48.402214,-114.13365,South Fork Swan,Not Reported,Swan Range,fac,View Observation,1,SE,,6200 ft,,D1.5,,,,,AM-Snowmobileu-Unintentional,"Feb 10, 2023 (Exact)",public,,
103,48.402214,-114.13365,Brown Creek,Not Reported,Swan Range,fac,View Observation,1,SE,,6300 ft,750 ft,D3,R2,WS-Wet Slab,G-Ground,200 ft,N-Natural,"Feb 9, 2023 (Estimated)",forecaster,"It ran sometime either this morning (2/9) or last evening after 5pm, when I photographed the glide crack on the left and there was no sign whatsoever of the patch weakening that has now failed on the right.",200 cm (6.5 ft)
104,48.402214,-114.13365,Disbrow,12:38 (Exact),Flathead Range & Glacier NP,fac,View Observation,2,SE,40°,6000 ft,50 ft,D1,,SS-Soft Slab,I-New/Old Interface,20 ft,AS-Skierc-Intentional,"Feb 8, 2023 (Exact)",forecaster,Slabs failed at two interfaces. One is a new/old snow from last night on graupel. The second is on a layer of decomposing stellar dendrites that fell last week.,30 cm (1 ft)
105,48.402214,-114.13365,Grant,Not Reported,Flathead Range & Glacier NP,fac,View Observation,1,NE,40°,6500 ft,1000 ft,D2,R1,SS-Soft Slab,,100 ft,N-Natural,"Feb 7, 2023 (Estimated)",forecaster,"Fairly obscured view, but was able to see crown and debris looking towards the shoulder of grant. This slide was itty bitty relative to the terrain. ",50 cm (1.5 ft)
106,48.402214,-114.13365,Blaine,Not Reported,Swan Range,fac,View Observation,1,NE,,7100 ft,1000 ft,D1,,SS-Soft Slab,,,,"Feb 6, 2023 (Estimated)",forecaster,Saw debris from side of Blaine. Unknown type. Possible cornice fall or small wind slab. ,
107,48.402214,-114.13365,Doris,16:07 (Estimated),Swan Range,fac,View Observation,3,NE,40°,7000 ft,,D1.5,R3,SS-Soft Slab,,100 ft,N-Natural,"Feb 5, 2023 (Estimated)",forecaster,Observed three wind slabs. ,40 cm (1.5 ft)
108,48.402214,-114.13365,Chute above Skiumah Lake,Not Reported,Flathead Range & Glacier NP,fac,View Observation,1,NE,38°,5125 ft,100 ft,D1,R1,HS-Hard Slab,I-New/Old Interface,30 ft,AS-Skieru-Unintentional,"Feb 5, 2023 (Exact)",forecaster,Caught and carried 2 riders over a cliff band.,35 cm (1 ft)
109,48.402214,-114.13365,Blaine,Not Reported,Swan Range,fac,View Observation,1,E,,7000 ft,,D1.5,,SS-Soft Slab,,,,"Feb 4, 2023 (Estimated)",forecaster,Unknown type. Guessing soft slab. Blown in crown. ,
110,48.402214,-114.13365,Tranquil Basin,Not Reported,Flathead Range & Glacier NP,fac,View Observation,1,E,,7000 ft,200 ft,D1,R1,L-Dry Loose,S-New Snow,,AS-Skieru-Unintentional,"Feb 2, 2023 (Exact)",public,,
111,48.402214,-114.13365,Running Rabbit,13:00 (Exact),Flathead Range & Glacier NP,fac,View Observation,1,,,,,,,,,,,"Feb 2, 2023 (Exact)",forecaster,,
112,48.402214,-114.13365,Flathead Range,Not Reported,Flathead Range & Glacier NP,fac,View Observation,5,,40°,7200 ft,60 ft,D1,,L-Dry Loose,,,AS-Skierc-Intentional,"Feb 1, 2023 (Exact)",forecaster,Small loose dry triggered on small rollovers at all elevations. ,
113,48.402214,-114.13365,Flathead Range,Not Reported,Flathead Range & Glacier NP,fac,View Observation,5,NE,40°,7200 ft,100 ft,D1,R1,SS-Soft Slab,I-New/Old Interface,30 ft,AS-Skierc-Intentional,"Feb 1, 2023 (Exact)",forecaster,Found some lightly wind drifted features and freshly wind drifted snow was reactive with ski cuts. ,20 cm (0.5 ft)
114,48.402214,-114.13365,Grant Ridge drainage,Not Reported,Flathead Range & Glacier NP,fac,View Observation,1,SE,,,,D3,,,,1500 ft,,"Feb 1, 2023 (Estimated)",public,Guess on size. ,
115,48.402214,-114.13365,Running Rabbit,13:00 (Exact),Flathead Range & Glacier NP,fac,View Observation,2,SW,35°,5400 ft,,D1,R1.5,WL-Wet Loose,S-New Snow,,N-Natural,"Feb 1, 2023 (Exact)",forecaster,Recent wet loose debris in path 1163.  Could not see where these started. ,
116,48.402214,-114.13365,Swan Range South of Swan Lake,Not Reported,Swan Range,fac,View Observation,2,NW,45°,6800 ft,,D1,R1,SS-Soft Slab,O-Old Snow,20 ft,N-Natural,"Feb 1, 2023 (Estimated)",forecaster,Small crowns that had drifted back in.  Could not make out track.  Did not approach to look for debris piles.,30 cm (1 ft)
117,48.402214,-114.13365,Swan Range South of Swan Lake,Not Reported,Swan Range,fac,View Observation,1,SW,45°,4700 ft,15 ft,D1,R1,SS-Soft Slab,O-Old Snow,30 ft,N-Natural,"Feb 1, 2023 (Estimated)",forecaster,Small crown on a convexity.,30 cm (1 ft)
118,48.402214,-114.13365,Running Rabit,Not Reported,Flathead Range & Glacier NP,fac,View Observation,1,S,,5800 ft,300 ft,D1,,SS-Soft Slab,,60 ft,AS-Skieru-Unintentional,"Jan 29, 2023 (Exact)",public,,
119,48.402214,-114.13365,Jewel,Not Reported,Swan Range,fac,View Observation,3,,,7000 ft,50 ft,D1,R1,SS-Soft Slab,I-New/Old Interface,15 ft,AS-Skierc-Intentional,"Jan 29, 2023 (Exact)",forecaster,One slab was hard. This slab propagated and didn't slide far due to the terrain we were in. ,20 cm (0.5 ft)
120,48.402214,-114.13365,Jewel Basin,Not Reported,Swan Range,fac,View Observation,4,W,45°,7000 ft,400 ft,D1,R2,L-Dry Loose,S-New Snow,,N-Natural,"Jan 28, 2023 (Exact)",forecaster,Loose dry on west aspects. ,
121,48.402214,-114.13365,Running Rabbit Mtn - S face Path 1163,Not Reported,Flathead Range & Glacier NP,fac,View Observation,1,S,,,,D2,,,I-New/Old Interface,,N-Natural,"Jan 28, 2023 (Exact)",public,Only debris in the runout clearly visible. Likely a wind slab. Released in upper part of the path but visibility obscured by fog.,
122,48.402214,-114.13365,Running Rabbit Mtn - SE face Shed 10,Not Reported,Flathead Range & Glacier NP,fac,View Observation,1,SE,,,,D2,,,,,N-Natural,"Jan 28, 2023 (Exact)",public,Only debris in the runout clearly visible. Likely a wind slab. Released in upper part of the path but visibility obscured by fog.,
123,48.402214,-114.13365,Snowshed,Not Reported,Flathead Range & Glacier NP,fac,View Observation,3,N,,,50 ft,D1,R1,SS-Soft Slab,I-New/Old Interface,20 ft,AS-Skierc-Intentional,"Jan 28, 2023 (Exact)",public,Small predictable storm slab avalanches triggered in steeper pockets of rolling terrain.,10 cm (0.5 ft)
124,48.402214,-114.13365,Jewel,Not Reported,Swan Range,fac,View Observation,3,N,40°,7000 ft,300 ft,D1.5,R1,SS-Soft Slab,,,N-Natural,"Jan 27, 2023 (Estimated)",forecaster,We saw a few chunky piles of debris that had wind blown snow on them. ,
125,48.402214,-114.13365,Noisy Basin Pt 6437,11:15 (Exact),Swan Range,fac,View Observation,2,NE,,6200 ft,200 ft,D1,,L-Dry Loose,S-New Snow,,AS-Skierc-Intentional,"Jan 27, 2023 (Exact)",forecaster,Stomping at the top of very steep slopes produced small but long running sluffs in the new snow.,
126,48.402214,-114.13365,Noisy Basin Pt 6437,Not Reported,Swan Range,fac,View Observation,10,NE,40°,6300 ft,150 ft,D1.5,,L-Dry Loose,S-New Snow,,N-Natural,"Jan 27, 2023 (Exact)",forecaster,Small natural sluffs in most very steep (40*) terrain features.,
127,48.402214,-114.13365,Lost Johnny,Not Reported,Swan Range,fac,View Observation,2,,,6200 ft,,,,SS-Soft Slab,O-Old Snow,,,"Jan 25, 2023 (Exact)",forecaster,Individual mentioned it did not appear to be a windslab. Unknown size. ,50 cm (1.5 ft)
128,48.402214,-114.13365,Cascadilla,Not Reported,Flathead Range & Glacier NP,fac,View Observation,1,NE,,5200 ft,,D1,,SS-Soft Slab,,,AS-Skierc-Intentional,"Jan 22, 2023 (Exact)",public,Thin wind slab,12 cm (0.5 ft)
129,48.402214,-114.13365,Lone Pine,Not Reported,Whitefish Range,fac,View Observation,2,NE,,6700 ft,,D1,,SS-Soft Slab,,30 ft,AE-Explosive triggeredc-Intentional,"Jan 22, 2023 (Exact)",forecaster,Slabs consisted of wind-drifted snow.,15 cm (0.5 ft)
130,48.402214,-114.13365,Start zone ~ 48.0772N / -113.8937W,Not Reported,Swan Range,fac,View Observation,2,W,,6600 ft,,D1.5,,L-Dry Loose,,,N-Natural,"Jan 21, 2023 (Exact)",public,,
131,48.402214,-114.13365,"Crater Mountain, Swan Range",Not Reported,Swan Range,fac,View Observation,3,S,,6200 ft,,,,,,,N-Natural,"Jan 21, 2023 (Exact)",public,,
132,48.402214,-114.13365,Jenny Lake,Not Reported,Swan Range,fac,View Observation,1,SE,,6300 ft,20 ft,D1,,SS-Soft Slab,,,AM-Snowmobiler-Remote,"Jan 21, 2023 (Exact)",forecaster,"Small, steep pocket on larger slope that cracked when snowbiker landed a jump.",60 cm (2 ft)
133,48.402214,-114.13365,east of Kona gully,15:00 (Exact),Whitefish Range,fac,View Observation,3,N,40°,5500 ft,75 ft,D1,,L-Dry Loose,I-New/Old Interface,5 ft,AS-Skierc-Intentional,"Jan 19, 2023 (Exact)",forecaster,Triggered several very small but long running sluffs on very steep slopes near the canyon floor. ,4 cm (0 ft)
134,48.402214,-114.13365,N. Whitefish Range,13:31 (Exact),Whitefish Range,fac,View Observation,3,,,,,D1,,,,,AS-Skierc-Intentional,"Jan 17, 2023 (Exact)",public,,
135,48.402214,-114.13365,Lost Johnny,12:45 (Exact),Swan Range,fac,View Observation,1,NE,38°,6700 ft,,D2,R2,SS-Soft Slab,O-Old Snow,200 ft,AS-Skierr-Remote,"Jan 15, 2023 (Exact)",forecaster,Walked up to the ridgeline and gave one soft stomp and triggered the first slab. This slab failed between two naturals that must have ran a few days ago. ,60 cm (2 ft)
136,48.402214,-114.13365,Lost Johnny,13:48 (Exact),Swan Range,fac,View Observation,1,NE,38°,6800 ft,,D1,R2,SS-Soft Slab,O-Old Snow,100 ft,AS-Skierc-Intentional,"Jan 15, 2023 (Exact)",forecaster,"Slab failed at a convexity from a falling cornice that we triggered. Again, this slab also failed between two other naturals. ",30 cm (1 ft)
137,48.402214,-114.13365,Penrose N path,Not Reported,Flathead Range & Glacier NP,fac,View Observation,1,N,,4500 ft,,D2.5,,WL-Wet Loose,,,N-Natural,"Jan 15, 2023 (Estimated)",public,"Looked like 6'+ debris and 150' wide.  Unsure of elevation of start zone.  Fresh from last warm period, distinct from other N aspect loose wet debris from Santa Soaker.  ",
138,48.402214,-114.13365,Cascadilla Creek,Not Reported,Flathead Range & Glacier NP,fac,View Observation,10,NE,,,,,,WL-Wet Loose,,,N-Natural,"Jan 14, 2023 (Estimated)",public,Recent wet slides observed at all aspects,
139,48.402214,-114.13365,Hay Creek,Not Reported,Whitefish Range,fac,View Observation,1,,,,,D2,R2,,,,,"Jan 13, 2023 (Estimated)",forecaster,Older debris pile.  Possible loose wet from mid-January warming.,
140,48.402214,-114.13365,Skook chute,Not Reported,Whitefish Range,fac,View Observation,1,SE,,6200 ft,,D2,,WL-Wet Loose,,,N-Natural,"Jan 13, 2023 (Exact)",public,"Terminus at 48.51310, -114.31549 piled up around 120 cm depth, overflowed road and small amount of debris ran to lower road. Path as high as can see, assume full distance but did not appear to step down. Snow pit obs next to road here.",35 cm (1 ft)
141,48.402214,-114.13365,Sheep Mt.,10:06 (Estimated),Flathead Range & Glacier NP,fac,View Observation,1,,,,,D2,,,,,,"Jan 13, 2023 (Estimated)",public,,
142,48.402214,-114.13365,Lost Johnny,16:50 (Estimated),Swan Range,fac,View Observation,10,,,5500 ft,,D1.5,R2,WL-Wet Loose,,,,"Jan 13, 2023 (Estimated)",forecaster,General summary of avalanches we observed from Friday's warmup. Saw roughly 10 wet loose avalanches on all aspects at middle elevation. Most were small/medium in size.,
143,48.402214,-114.13365,North Dickey,18:02 (Estimated),Flathead Range & Glacier NP,fac,View Observation,2,SE,,5600 ft,,D2,R2,U-Unknown,O-Old Snow,200 ft,N-Natural,"Jan 13, 2023 (Estimated)",forecaster,Vague details. Observed from a long ways away. Crown appeared fairly recent. Best guess of timing would be during recent warming and rain. ,60 cm (2 ft)
144,48.402214,-114.13365,SE Steep chutes above Dickie Creek,12:00 (Estimated),Flathead Range & Glacier NP,fac,View Observation,3,SE,40°,6200 ft,300 ft,D1,,WL-Wet Loose,U-Unknown,50 ft,N-Natural,"Jan 13, 2023 (Estimated)",forecaster,,
145,48.402214,-114.13365,Lost Johnny,15:53 (Estimated),Swan Range,fac,View Observation,1,,40°,6000 ft,1000 ft,D2,R2,WL-Wet Loose,,,,"Jan 13, 2023 (Estimated)",forecaster,,
146,48.402214,-114.13365,Skinny skook chute 1,Not Reported,Whitefish Range,fac,View Observation,1,SE,,6200 ft,,D1.5,,WL-Wet Loose,,,N-Natural,"Jan 13, 2023 (Exact)",public,"Terminus at 48.51177, -114.31392 deposited estimated 60 cm on upper Rd. Appeared to squiggle through woods. Did not step down to lower layers, ran on Xmas crust",35 cm (1 ft)
147,48.402214,-114.13365,Skook Chutes,Not Reported,Whitefish Range,fac,View Observation,2,S,40°,6000 ft,300 ft,D1.5,R1,WL-Wet Loose,S-New Snow,20 ft,N-Natural,"Jan 12, 2023 (Estimated)",forecaster,,
148,48.402214,-114.13365,Wildcat Mountain,12:00 (Exact),Swan Range,fac,View Observation,1,NE,,6200 ft,400 ft,D2,,SS-Soft Slab,O-Old Snow,100 ft,AM-Snowmobiler-Remote,"Jan 11, 2023 (Exact)",forecaster,Dry snow moving on rain crust. Remote triggered. No riders injured.,30 cm (1 ft)
149,48.402214,-114.13365,Cascadilla,Not Reported,Flathead Range & Glacier NP,fac,View Observation,5,E,,7200 ft,,D2,,WL-Wet Loose,,,N-Natural,"Jan 10, 2023 (Exact)",public,,
150,48.402214,-114.13365,Marion Lake North Aspect,Not Reported,Flathead Range & Glacier NP,fac,View Observation,1,N,,6600 ft,,D1,,L-Dry Loose,,,AS-Skieru-Unintentional,"Jan 4, 2023 (Exact)",public,,
151,48.402214,-114.13365,Skiumah Lake,Not Reported,Flathead Range & Glacier NP,fac,View Observation,1,NE,,7000 ft,,D2,,SS-Soft Slab,,,N-Natural,"Jan 4, 2023 (Estimated)",public,,
152,48.402214,-114.13365,Great Northern Sub Peak 8508',Not Reported,Flathead Range & Glacier NP,fac,View Observation,1,NE,,7800 ft,,D3,,HS-Hard Slab,G-Ground,,N-Natural,"Jan 2, 2023 (Estimated)",public,Deep Slab/Glide. Bed surface is a smooth polished slab of bedrock.,
153,48.402214,-114.13365,Disbrow Creek,Not Reported,Flathead Range & Glacier NP,fac,View Observation,1,NE,,7000 ft,,D1.5,,L-Dry Loose,,,NC-Cornice Fall,"Dec 31, 2022 (Exact)",public,Failed within recent storm snow,
154,48.402214,-114.13365,Shed 7 West,Not Reported,Flathead Range & Glacier NP,fac,View Observation,1,SE,,5600 ft,,D1,,SS-Soft Slab,,,AS-Skier,"Dec 30, 2022 (Exact)",public,On a steep sidewall of the gully in the bottom of the path,15 cm (0.5 ft)
155,48.402214,-114.13365,"East of WMR, near “half moon”",Not Reported,Whitefish Range,fac,View Observation,1,SW,,5800 ft,,,,,,,U-Unknown,"Dec 29, 2022 (Estimated)",public,Photo was sent to me by a friend… I encouraged him to submit an observation w/ more details,
156,48.402214,-114.13365,10' cut banks by road,00:25 (Exact),Whitefish Range,fac,View Observation,2,NE,,6400 ft,10 ft,D1,,SS-Soft Slab,O-Old Snow,,AK-Snowcatu-Unintentional,"Dec 28, 2022 (Exact)",public,Fracturing below moist snow 12/23,40 cm (1.5 ft)
157,48.402214,-114.13365,Skook Ridge,14:10 (Exact),Whitefish Range,fac,View Observation,1,NE,,6800 ft,,D1,R1,SS-Soft Slab,I-New/Old Interface,20 ft,AS-Skierc-Intentional,"Dec 28, 2022 (Exact)",forecaster,Another slide triggered with a cornice drop that didn't involve as much debris.,20 cm (0.5 ft)
158,48.402214,-114.13365,Skook Ridge,14:15 (Exact),Whitefish Range,fac,View Observation,2,NE,,6800 ft,125 ft,D2,R2,C-Cornice,I-New/Old Interface,70 ft,AS-Skierc-Intentional,"Dec 28, 2022 (Exact)",forecaster,"Triggered two soft slabs of drifted snow with cornice drops from the ridge. Car-sized cunks of cornice, though actual slab debris was more like D1.5.  Bed surface seemed to be older wind slab.",25 cm (1 ft)
159,48.402214,-114.13365,Grant Ridge (Disbrow High Point),Not Reported,Flathead Range & Glacier NP,fac,View Observation,1,SE,,6200 ft,,D3,,WL-Wet Loose,,,N-Natural,"Dec 28, 2022 (Estimated)",public,"Observed from ridgeline on the other side of the drainage. Flat light/moderately poor visibility. Confidence poor on initiation/crown location/s, but significant debris filling the gully was apparent. Estimated size 3 given the path characteristics and other recent activity reported. Would need a better look for a more accurate report on this slide.",
160,48.402214,-114.13365,Rescue,17:43 (Estimated),Flathead Range & Glacier NP,fac,View Observation,1,SE,45°,5500 ft,600 ft,D2,R2,HS-Hard Slab,G-Ground,80 ft,N-Natural,"Dec 28, 2022 (Estimated)",forecaster,Appeared to be a Glide Avalanche. See Photos. ,100 cm (3.5 ft)
161,48.402214,-114.13365,Penrose East Face,17:45 (Estimated),Flathead Range & Glacier NP,fac,View Observation,1,E,45°,7500 ft,2000 ft,D2.5,R3,HS-Hard Slab,U-Unknown,300 ft,N-Natural,"Dec 28, 2022 (Estimated)",forecaster,Observed from a distance. Upper face of Penrose appeared to have numerous crowns stretch most of the east face. Some looked to go down to the rock. ,
162,48.402214,-114.13365,Path 1163 S face Running Rabbit Mtn,00:08 (Exact),Flathead Range & Glacier NP,fac,View Observation,1,SE,40°,6000 ft,1400 ft,D2.5,R2,WL-Wet Loose,O-Old Snow,,N-Natural,"Dec 27, 2022 (Exact)",public,Main gully on looker's left headwall. Gouged down to the ground in track and runout entraining all the snow (photo),
163,48.402214,-114.13365,Just south of Blue Rock cut,02:06 (Exact),Flathead Range & Glacier NP,fac,View Observation,3,E,,3700 ft,,D2,,WL-Wet Loose,G-Ground,,N-Natural,"Dec 27, 2022 (Exact)",forecaster,Stopped in highway ditch. Damaged some vegetation. Gouged to the ground. ,
164,48.402214,-114.13365,Shed 6 E face Snowslip Mtn,00:20 (Exact),Flathead Range & Glacier NP,fac,View Observation,1,E,40°,4500 ft,,D1.5,R2,U-Unknown,O-Old Snow,30 ft,N-Natural,"Dec 27, 2022 (Exact)",public,"The only crown observed today not associated with a wet loose (photo). Mostly obscured from view, details lacking",75 cm (2.5 ft)
165,48.402214,-114.13365,"Blue Rock cut, between Crystal and Stanton Creeks on US Highway 2",01:30 (Exact),Flathead Range & Glacier NP,fac,View Observation,10,E,3650°,3500 ft,,D1.5,,WL-Wet Loose,,,N-Natural,"Dec 27, 2022 (Exact)",forecaster,Debris from 4 of the slides blocked the eastbound lane of US Highway 2. Debris 3-4 ft deep and 20-30 ft wide. ,
166,48.402214,-114.13365,Cascadilla S Side,20:59 (Estimated),Flathead Range & Glacier NP,fac,View Observation,1,SE,40°,5800 ft,1500 ft,D2,R3,WL-Wet Loose,U-Unknown,,N-Natural,"Dec 27, 2022 (Estimated)",forecaster,Assume this slide ran later in the storm since wet debris overran smoother looking debris. ,
167,48.402214,-114.13365,Red Meadow,19:22 (Estimated),Whitefish Range,fac,View Observation,3,,,,,D3,,,,,,"Dec 26, 2022 (Estimated)",forecaster,,
168,48.402214,-114.13365,Nyack,20:22 (Estimated),Flathead Range & Glacier NP,fac,View Observation,2,NE,40°,7000 ft,2000 ft,D3,R3,U-Unknown,U-Unknown,,N-Natural,"Dec 26, 2022 (Estimated)",forecaster,,
169,48.402214,-114.13365,Essex Creek,18:21 (Estimated),Flathead Range & Glacier NP,fac,View Observation,10,S,,6700 ft,,D3,,,,,N-Natural,"Dec 26, 2022 (Estimated)",forecaster,,
170,48.402214,-114.13365,Grant,22:15 (Estimated),Flathead Range & Glacier NP,fac,View Observation,3,E,40°,7500 ft,3000 ft,D3.5,,,,,,"Dec 26, 2022 (Estimated)",public,Information based on photos and description. ,
171,48.402214,-114.13365,N. Dickey,Not Reported,Flathead Range & Glacier NP,fac,View Observation,2,SE,,,,D3,,,,,,"Dec 26, 2022 (Estimated)",public,,
172,48.402214,-114.13365,Southern Whitefish Range,21:49 (Estimated),Whitefish Range,fac,View Observation,1,SE,45°,6000 ft,200 ft,D2,R4,HS-Hard Slab,O-Old Snow,200 ft,N-Natural,"Dec 26, 2022 (Estimated)",forecaster,,60 cm (2 ft)
173,48.402214,-114.13365,Steeps above road,Not Reported,Whitefish Range,fac,View Observation,3,NE,38°,5400 ft,300 ft,D2,R2,SS-Soft Slab,O-Old Snow,50 ft,N-Natural,"Dec 26, 2022 (Exact)",public,,30 cm (1 ft)
174,48.402214,-114.13365,Road cuts adjacent to the North Fork road,Not Reported,Other,fac,View Observation,10,E,35°,3500 ft,40 ft,D1,R1.5,WL-Wet Loose,I-New/Old Interface,10 ft,N-Natural,"Dec 26, 2022 (Estimated)",forecaster,These were noted on steep road cuts and cutbanks adjacent to the North Fork river. Aspects included both east and west. Vertical fall varied between 20-80 feet.,
175,48.402214,-114.13365,Shed 7 West SE face Snowslip Mtn,00:13 (Exact),Flathead Range & Glacier NP,fac,View Observation,1,E,35°,6800 ft,1600 ft,D2.5,R2,SS-Soft Slab,I-New/Old Interface,400 ft,NC-Cornice Fall,"Dec 26, 2022 (Exact)",public,Looks to have run on the Dec 20 storm interface. (photo),50 cm (1.5 ft)
176,48.402214,-114.13365,Path 1163 S face Running Rabbit Mtn,00:13 (Exact),Flathead Range & Glacier NP,fac,View Observation,1,S,40°,7000 ft,2000 ft,D2,R1,WL-Wet Loose,I-New/Old Interface,,N-Natural,"Dec 26, 2022 (Exact)",public,Could not see uppermost starting zone and uncertain if this may have been a slab?,
177,48.402214,-114.13365,SE face Mount Shields above Shields Ck,00:13 (Exact),Flathead Range & Glacier NP,fac,View Observation,2,SE,40°,6800 ft,1500 ft,D2.5,R2,SS-Soft Slab,I-New/Old Interface,300 ft,N-Natural,"Dec 26, 2022 (Exact)",public,2 separate avalanches D2-2.5. Could not see debris terminus (photo),50 cm (1.5 ft)
178,48.402214,-114.13365,Shed 4D Cutbank E face of Snowslip Mtn,00:25 (Exact),Flathead Range & Glacier NP,fac,View Observation,1,E,40°,4600 ft,150 ft,D1,R2,WL-Wet Loose,G-Ground,,N-Natural,"Dec 26, 2022 (Exact)",public,Reported by work train crew. Debris stopped just short of the rail. Looks to have gouged to the ground. (photo),
179,48.402214,-114.13365,West Side Road,08:13 (Estimated),Swan Range,fac,View Observation,1,E,45°,4500 ft,50 ft,D1.5,R3,WL-Wet Loose,G-Ground,50 ft,N-Natural,"Dec 26, 2022 (Estimated)",forecaster,Broke at ground. Entrained a quite the debris for such a little slope. ,
180,48.402214,-114.13365,Stryker Ridge,Not Reported,Whitefish Range,fac,View Observation,3,E,,6300 ft,,D2,,U-Unknown,,,N-Natural,"Dec 26, 2022 (Estimated)",forecaster,,
181,48.402214,-114.13365,Elk,18:04 (Estimated),Flathead Range & Glacier NP,fac,View Observation,3,,,7000 ft,2500 ft,D3,R3,WL-Wet Loose,,,,"Dec 26, 2022 (Estimated)",forecaster,Observed a number of debris piles down into Dickey. All covered in recent snow. ,
182,48.402214,-114.13365,Dickey Creek,Not Reported,Flathead Range & Glacier NP,fac,View Observation,3,S,,6700 ft,2000 ft,D3,R3.5,WS-Wet Slab,O-Old Snow,,N-Natural,"Dec 26, 2022 (Estimated)",public,"3 large debris piles in main fork of Dickey Creek. Debris included trees up to 12"" diameter, was 3m+ deep in places and showed evidence of one path repeating during the storm with a wet pathway through the original debris pile! Could not clearly see crowns but am banking on WS given amount of the debris and adjacent wet slab crowns seen.",
183,48.402214,-114.13365,Elk Mountain,Not Reported,Flathead Range & Glacier NP,fac,View Observation,1,E,,7000 ft,1500 ft,D2.5,R2,WL-Wet Loose,I-New/Old Interface,,N-Natural,"Dec 26, 2022 (Estimated)",public,"Only could see the debris piles in the runouts, but they were quite large for not having obvious crown lines (hard to see at distance).",
184,48.402214,-114.13365,Road cuts adjacent to the North Fork road,Not Reported,Other,fac,View Observation,8,E,35°,3500 ft,60 ft,D1.5,R2,SS-Soft Slab,I-New/Old Interface,40 ft,N-Natural,"Dec 26, 2022 (Estimated)",forecaster,These were noted on steep road cuts and cutbanks adjacent to the North Fork river. Aspects included both east and west. Vertical fall varied between 40-80 feet.,40 cm (1.5 ft)
185,48.402214,-114.13365,Upper Dickey Creek,Not Reported,Flathead Range & Glacier NP,fac,View Observation,1,S,,5700 ft,1000 ft,D2,R2,WS-Wet Slab,O-Old Snow,50 ft,N-Natural,"Dec 26, 2022 (Estimated)",public,"Estimated slab depth and width from a distance, but saw definitive crownline and assume that it broke in the old persistent weak snow.",125 cm (4 ft)
186,48.402214,-114.13365,Flathead Range (Tunnel Ridge),Not Reported,Flathead Range & Glacier NP,fac,View Observation,7,S,,6700 ft,2000 ft,D2,,WL-Wet Loose,,,N-Natural,"Dec 26, 2022 (Estimated)",forecaster,,
187,48.402214,-114.13365,SE side of Cascadilla,20:25 (Estimated),Flathead Range & Glacier NP,fac,View Observation,2,SE,40°,6000 ft,2000 ft,D2.5,R3,U-Unknown,U-Unknown,,N-Natural,"Dec 26, 2022 (Estimated)",forecaster,1 slide appeared to have descended a fairly long way down the valley in the gully. ,
188,48.402214,-114.13365,Cascadilla N Side,20:27 (Estimated),Flathead Range & Glacier NP,fac,View Observation,1,N,40°,5500 ft,1000 ft,D2,R3.5,HS-Hard Slab,O-Old Snow,200 ft,N-Natural,"Dec 26, 2022 (Estimated)",forecaster,Upper crown appeared to be a dry slab. Lower crown looked more like it failed as a wet slab given the jagged nature of the crown line. ,40 cm (1.5 ft)
189,48.402214,-114.13365,Red Meadow,Not Reported,Whitefish Range,fac,View Observation,5,,,,,,,,,,,"Dec 25, 2022 (Estimated)",public,,
190,48.402214,-114.13365,Path 1163 Headwall S face Running Rabbit Mtn,Not Reported,Flathead Range & Glacier NP,fac,View Observation,1,SW,40°,5500 ft,1100 ft,D2,R1,SS-Soft Slab,I-New/Old Interface,100 ft,N-Natural,"Dec 25, 2022 (Exact)",public,,50 cm (1.5 ft)
191,48.402214,-114.13365,Jakes S Face Snowslip Mtn,Not Reported,Flathead Range & Glacier NP,fac,View Observation,1,S,40°,4800 ft,600 ft,D1.5,R2,WL-Wet Loose,I-New/Old Interface,,N-Natural,"Dec 25, 2022 (Exact)",public,,
192,48.402214,-114.13365,Highway 2 Cutbanks near Skyland TH,00:28 (Exact),Flathead Range & Glacier NP,fac,View Observation,5,SE,40°,5000 ft,50 ft,D1,R3,SS-Soft Slab,I-New/Old Interface,50 ft,N-Natural,"Dec 24, 2022 (Exact)",public,Some looked to have been snowmobile triggered. But at last two were naturals that occurred between 1800-1900 hrs. (photo),15 cm (0.5 ft)
193,48.402214,-114.13365,Rescue Creek,15:35 (Exact),Flathead Range & Glacier NP,fac,View Observation,20,W,35°,4000 ft,6 ft,D1,R1,SS-Soft Slab,I-New/Old Interface,10 ft,AS-Skieru-Unintentional,"Dec 23, 2022 (Exact)",forecaster,,8 cm (0.5 ft)
194,48.402214,-114.13365,BNSF/ Highway 2 right of way,Not Reported,Flathead Range & Glacier NP,fac,View Observation,1,S,,4075 ft,80 ft,D1.5,,SS-Soft Slab,O-Old Snow,75 ft,AV-Vehicle,"Dec 22, 2022 (Exact)",forecaster,Triggered by plowing debris from railroad. ,40 cm (1.5 ft)
195,48.402214,-114.13365,"Shed 5 path, Snowslip Mountain",Not Reported,Flathead Range & Glacier NP,fac,View Observation,1,SE,,5700 ft,,D1.5,,,O-Old Snow,,N-Natural,"Dec 21, 2022 (Estimated)",forecaster,"Bed surface looked close to ground, with little snow or blowing snow obscuring crown. ",80 cm (2.5 ft)
196,48.402214,-114.13365,Great Bear Creek,Not Reported,Flathead Range & Glacier NP,fac,View Observation,1,SE,40°,6600 ft,,D2.5,,U-Unknown,O-Old Snow,600 ft,N-Natural,"Dec 21, 2022 (Estimated)",forecaster,"Crown on ESE-facing burn just below ridgeline. Wrapped across several terrain features and through burned snags. Couldn't see runout of debris.Date, slab thickness and width estimates. ",75 cm (2.5 ft)
197,48.402214,-114.13365,"Broken Bridge Bowl, Mt. Furlong",Not Reported,Flathead Range & Glacier NP,fac,View Observation,2,NW,38°,7200 ft,,D2,R2,U-Unknown,O-Old Snow,,,"Dec 21, 2022 (Estimated)",forecaster,"Higher, more recent-looking slide on skiers right at top, at typical entry to bowl. Thick crown but not wide. Similar sized slide ~300 ft lower and further skiers left in bowl. More debris on bed surface.  ",100 cm (3.5 ft)
198,48.402214,-114.13365,Running rabbit mountain,Not Reported,Other,fac,View Observation,1,,,,,,,,,,,"Dec 20, 2022 (Exact)",forecaster,,
199,48.402214,-114.13365,"Infinity Path, Snowslip Mountain",Not Reported,Flathead Range & Glacier NP,fac,View Observation,1,S,,6050 ft,1500 ft,D2,R2,,,150 ft,N-Natural,"Dec 20, 2022 (Estimated)",forecaster,Crown mostly blown in. Extent of debris visible from highway.,
200,48.402214,-114.13365,"East face, Mt. Cameahwait",Not Reported,Flathead Range & Glacier NP,fac,View Observation,3,E,,7200 ft,,D3,,HS-Hard Slab,,500 ft,N-Natural,"Dec 20, 2022 (Estimated)",forecaster,"Two wide crowns visible skiers below ridge extending south from Mt. Cameahwait. Not in main bowl, as is typical. Both seemed large and likely the result of wind loading on steep, unsuppported face, though southern crown wrapped around a nose/ sub ridge.",100 cm (3.5 ft)
201,48.402214,-114.13365,SE face of Running Rabbit Mtn - Railroad Shed 10 feeder path,Not Reported,Flathead Range & Glacier NP,fac,View Observation,1,SE,,,,D2,,SS-Soft Slab,O-Old Snow,,N-Natural,"Dec 20, 2022 (Exact)",public,"Runout was at least to 5400', likely further, but out of view. Likely this failed on Nov. facets given the slab thickness.",100 cm (3.5 ft)
202,48.402214,-114.13365,South face of Running Rabbit Mtn - Railroad Path 1163,Not Reported,Flathead Range & Glacier NP,fac,View Observation,1,S,,7100 ft,2500 ft,D2.5,,SS-Soft Slab,U-Unknown,,N-Natural,"Dec 20, 2022 (Exact)",public,Crown was mostly drifted in. Dimensions are rough estimates. Debris ran to 4600 ft. Uncertain if this failed on Nov. facets.,60 cm (2 ft)
203,48.402214,-114.13365,Cascadilla Creek,Not Reported,Flathead Range & Glacier NP,fac,View Observation,1,NE,,5800 ft,,D2,,U-Unknown,U-Unknown,,N-Natural,"Dec 20, 2022 (Estimated)",forecaster,Crown in sparse trees on northeast facing slope above lake.,
204,48.402214,-114.13365,"East Face of Nyack Mountain, Cascadilla Creek",Not Reported,Flathead Range & Glacier NP,fac,View Observation,4,E,45°,6700 ft,,D2,,U-Unknown,,,N-Natural,"Dec 20, 2022 (Estimated)",forecaster,At least 3 partially filled crowns on the east face of Nyack Mountain above Cascadilla Creek. Generally at base of steepest terrain. Highest about 7000 ft. Possibly triggered by sluffing. Couldn't tell extent of runout; whole apron rough with debris.,
205,48.402214,-114.13365,Essex High Rustler/ Backdoor Chute/ Gunbarrel,Not Reported,Flathead Range & Glacier NP,fac,View Observation,1,E,,6250 ft,,D2,,,,,N-Natural,"Dec 20, 2022 (Estimated)",forecaster,"Crown mostly blown in except skiers right side. Ran from top, just below trees. Couldn't see extent of runout.",
206,48.402214,-114.13365,Crystal Creek,Not Reported,Flathead Range & Glacier NP,fac,View Observation,1,E,,6800 ft,,D3,,U-Unknown,,,N-Natural,"Dec 20, 2022 (Estimated)",forecaster,"On apron below headwall. Deep crown, possibly because slope filled with sluff debris. ",150 cm (5 ft)
207,48.402214,-114.13365,South face of Snowslip Mtn - Railroad Shed 7 West,Not Reported,Flathead Range & Glacier NP,fac,View Observation,1,S,,6200 ft,,D2,,SS-Soft Slab,O-Old Snow,,N-Natural,"Dec 20, 2022 (Exact)",public,"Crown drifted back in, dimensions are rough estimates. Thinking this likely failed on Nov. facets given the crown and visible ground features. ",75 cm (2.5 ft)
208,48.402214,-114.13365,Highway 2 corridor,Not Reported,Flathead Range & Glacier NP,fac,View Observation,4,,,4100 ft,,D1,,SS-Soft Slab,,15 ft,N-Natural,"Dec 20, 2022 (Exact)",public,"several small soft slabs failing in the storm snow on steep cut banks above the Hwy. These were 3-5"" thick and mostly only propagated 20-30"" but a few pushing 50'.",12 cm (0.5 ft)
209,48.402214,-114.13365,Stryker Loop,Not Reported,Whitefish Range,fac,View Observation,1,,,,,D2,,,,,N-Natural,"Dec 20, 2022 (Estimated)",public,,60 cm (2 ft)
210,48.402214,-114.13365,No name peak N side Noisy Creek,Not Reported,Swan Range,fac,View Observation,2,S,,5500 ft,,D1,,SS-Soft Slab,,,N-Natural,"Dec 18, 2022 (Estimated)",public,"N R3 D1 at 5500' S above cliff supported slope.     N R1 D1 at 6200' S, small part of larger bowl.",30 cm (1 ft)
211,48.402214,-114.13365,Apgars,13:19 (Exact),Whitefish Range,fac,View Observation,2,SE,38°,5500 ft,20 ft,D1,R1,L-Dry Loose,S-New Snow,,AS-Skierc-Intentional,"Dec 18, 2022 (Exact)",forecaster,,
212,48.402214,-114.13365,Apgar Range,Not Reported,Whitefish Range,fac,View Observation,1,N,,5800 ft,,D1,,SS-Soft Slab,,,AS-Skierc-Intentional,"Dec 18, 2022 (Exact)",public,See details above. Would have run further downslope if slope angle were steeper.,8 cm (0.5 ft)
213,48.402214,-114.13365,WMR,10:30 (Exact),Whitefish Range,fac,View Observation,1,,,6400 ft,,D1.5,,,,,AE-Explosive triggeredc-Intentional,"Dec 11, 2022 (Exact)",forecaster,Results from avalanche mitigation with explosives.,30 cm (1 ft)
214,48.402214,-114.13365,Shed 7 Ridge (BNSF test slopes),Not Reported,Flathead Range & Glacier NP,fac,View Observation,2,NE,,6100 ft,50 ft,D1,R2,SS-Soft Slab,I-New/Old Interface,30 ft,AS-Skierc-Intentional,"Dec 9, 2022 (Exact)",public,,30 cm (1 ft)
215,48.402214,-114.13365,Slopes above the Beaver pond,Not Reported,Whitefish Range,fac,View Observation,1,E,40°,6500 ft,100 ft,D2,R2.5,SS-Soft Slab,O-Old Snow,40 ft,U-Unknown,"Dec 4, 2022 (Estimated)",forecaster,It is unknown if it was skier-triggered or remote-triggered avalanche.,45 cm (1.5 ft)
216,48.402214,-114.13365,Shed 7 West Snowslip Mtn,Not Reported,Flathead Range & Glacier NP,fac,View Observation,2,NE,,6800 ft,100 ft,D1.5,R1,SS-Soft Slab,O-Old Snow,25 ft,NC-Cornice Fall,"Dec 3, 2022 (Estimated)",public,,50 cm (1.5 ft)
217,48.402214,-114.13365,Whitefish Mountain,Not Reported,Whitefish Range,fac,View Observation,1,N,,7200 ft,,D2,,U-Unknown,,,N-Natural,"Dec 3, 2022 (Estimated)",public,Seen from distance; size and date guesstimated.,
218,48.402214,-114.13365,Crown Bowl Avalanche,10:44 (Estimated),Swan Range,fac,View Observation,2,NE,39°,6600 ft,600 ft,D2,,SS-Soft Slab,,100 ft,U-Unknown,"Dec 3, 2022 (Estimated)",public,,40 cm (1.5 ft)
219,48.402214,-114.13365,Mt. Aeneas,Not Reported,Swan Range,fac,View Observation,1,N,,7400 ft,,D1.5,,U-Unknown,,,N-Natural,"Dec 2, 2022 (Estimated)",public,Seen 12/4/22; date estimated from other recent activity,
220,48.402214,-114.13365,Cal's,Not Reported,Whitefish Range,fac,View Observation,1,S,,6200 ft,50 ft,D1,,SS-Soft Slab,,30 ft,AE-Explosive triggered,"Dec 2, 2022 (Exact)",forecaster,Pocket of drifted snow at top of slope.,30 cm (1 ft)
221,48.402214,-114.13365,Snowshed Mtn,Not Reported,Flathead Range & Glacier NP,fac,View Observation,1,E,,6800 ft,,D2,R2,SS-Soft Slab,O-Old Snow,100 ft,N-Natural,"Dec 2, 2022 (Estimated)",public,Looks like this was reported in an earlier observation too,75 cm (2.5 ft)
222,48.402214,-114.13365,Haskill,Not Reported,Whitefish Range,fac,View Observation,1,SW,,6000 ft,15 ft,D1,,SS-Soft Slab,O-Old Snow,10 ft,AS-Skierr-Remote,"Dec 2, 2022 (Exact)",forecaster,"Triggered remotely by slope cut above. Steep, convex, unsupported knob",35 cm (1 ft)
223,48.402214,-114.13365,Snowshed Mtn SE face above Sheep Ck,Not Reported,Flathead Range & Glacier NP,fac,View Observation,1,SE,,7300 ft,,D3,R4,SS-Soft Slab,O-Old Snow,700 ft,N-Natural,"Dec 2, 2022 (Estimated)",public,Could not view the runout,100 cm (3.5 ft)
224,48.402214,-114.13365,Mt. Cameahwait,Not Reported,Flathead Range & Glacier NP,fac,View Observation,1,E,,7300 ft,,D2.5,R2,SS-Soft Slab,O-Old Snow,400 ft,N-Natural,"Dec 2, 2022 (Estimated)",public,,100 cm (3.5 ft)
225,48.402214,-114.13365,WMR,14:05 (Exact),Whitefish Range,fac,View Observation,1,SE,,6700 ft,5 ft,D1,,SS-Soft Slab,O-Old Snow,15 ft,AS-Skieru-Unintentional,"Dec 2, 2022 (Exact)",forecaster,"Triggered by skier cutting down steep slope onto cat track. Slab thinner, with pronounced depth hoar in failure layer.",35 cm (1 ft)
226,48.402214,-114.13365,WMR - Haskill Slide (closed),08:30 (Exact),Whitefish Range,fac,View Observation,1,E,38°,5900 ft,400 ft,D2,R2,SS-Soft Slab,O-Old Snow,,AS-Skierr-Remote,"Dec 2, 2022 (Exact)",public,Witnessed by skiers on East route skinning up. Rider skied out of moving debris or powder cloud.,
227,48.402214,-114.13365,Mt. Aeneas,Not Reported,Swan Range,fac,View Observation,1,N,,7400 ft,,D2,,U-Unknown,,,N-Natural,"Dec 2, 2022 (Estimated)",public,"Seen 12/4/22; guessing it ran sometime late in this last storm cycle.   It had some fresh snow on top of it, but was still fairly visible. ",
228,48.402214,-114.13365,test,Not Reported,Flathead Range & Glacier NP,fac,View Observation,1,,,,,,,,,,,"Dec 1, 2022 (Exact)",public,test,
229,48.402214,-114.13365,48.0N -113.0W,Not Reported,Swan Range,fac,View Observation,1,S,,5000 ft,500 ft,D1,R1,SS-Soft Slab,I-New/Old Interface,50 ft,U-Unknownc-Intentional,"Dec 1, 2022 (Exact)",public,text text text  more text text,100 cm (3.5 ft)
230,48.402214,-114.13365,48.0n -0113.0W,Not Reported,Swan Range,fac,View Observation,1,SE,,5500 ft,,D5,,R-Roof,,,N-Naturalc-Intentional,"Dec 1, 2022 (Estimated)",public,text,50 cm (1.5 ft)
231,48.402214,-114.13365,Central Whitefish Range,Not Reported,Whitefish Range,fac,View Observation,1,,,,,D1.5,,SS-Soft Slab,,,AS-Skierr-Remote,"Dec 1, 2022 (Exact)",public,,50 cm (1.5 ft)
232,48.402214,-114.13365,E face of Peak 6437,Not Reported,Swan Range,fac,View Observation,2,E,,6000 ft,,D1,,L-Dry Loose,,,N-Natural,"Dec 1, 2022 (Estimated)",public,,
233,48.402214,-114.13365,Misery Cabin area,Not Reported,Swan Range,fac,View Observation,1,NE,,5800 ft,,D1,,SS-Soft Slab,,,AM-Snowmobilec-Intentional,"Nov 30, 2022 (Exact)",public,Short road cut that produced large amounts of debris,40 cm (1.5 ft)
234,48.402214,-114.13365,test chrome,Not Reported,Swan Range,fac,View Observation,1,E,,3000 ft,,D2,,SS-Soft Slab,,,AU-Unknown artificial triggeru-Unintentional,"Nov 29, 2022 (Exact)",public,test chrome,100 cm (3.5 ft)
235,48.402214,-114.13365,Near Ghoulies Point,15:00 (Exact),Whitefish Range,fac,View Observation,2,E,37°,6400 ft,125 ft,D1.5,R2,SS-Soft Slab,I-New/Old Interface,15 ft,AS-Skierc-Intentional,"Nov 28, 2022 (Exact)",public,Very soft surface slab which limited propagation.,1 cm (0 ft)
236,48.402214,-114.13365,Ghoulie to Beaver Ponds,Not Reported,Whitefish Range,fac,View Observation,1,NE,38°,6500 ft,100 ft,D1.5,R2,SS-Soft Slab,O-Old Snow,20 ft,AS-Skieru-Unintentional,"Nov 27, 2022 (Exact)",public,"Slide was 12-16 inches deep and about 20 feet wide consisting of loose and unstable snow collected during the Sunday morning storm cycle, likely wind transported. ",35 cm (1 ft)
237,48.402214,-114.13365,Near Ghoulie Point,15:00 (Exact),Whitefish Range,fac,View Observation,2,E,37°,6300 ft,125 ft,D1.5,R1,SS-Soft Slab,I-New/Old Interface,15 ft,AS-Skierc-Intentional,"Nov 27, 2022 (Exact)",forecaster,The surface slab was a bit too soft to propagate.,1 cm (0 ft)
238,48.402214,-114.13365,Shed 7 West,Not Reported,Flathead Range & Glacier NP,fac,View Observation,1,E,,6700 ft,50 ft,D1,R1,C-Cornice,,15 ft,N-Natural,"Nov 26, 2022 (Estimated)",public,"Very small (D1 size) cornice-fall observed in Shed 7 West, at least a couple days old. ",
239,48.402214,-114.13365,34.33N 120.0W,Not Reported,Whitefish Range,fac,View Observation,1,S,40°,3000 ft,1000 ft,D1,R1,U-Unknown,U-Unknown,100 ft,U-Unknownc-Intentional,"Nov 25, 2022 (Exact)",public,test,100 cm (3.5 ft)
240,48.402214,-114.13365,Noisy Basin Road,Not Reported,Swan Range,fac,View Observation,1,NE,,5400 ft,,D1,R1,SS-Soft Slab,O-Old Snow,20 ft,AS-Skierc-Intentional,"Nov 23, 2022 (Exact)",public,"I approached the edge of the road and sent cracks from about 8ft back out to the edge, which then triggered a small section about 6-8” deep, and probably 20ft across to release. This was on a north-eastern aspect off the roadside and was probably between 30-40°.",15 cm (0.5 ft)
241,48.402214,-114.13365,"Crown Bowl, Jewel Basin",10:00 (Estimated),Swan Range,fac,View Observation,1,NW,,,,D1.5,,SS-Soft Slab,O-Old Snow,,N-Natural,"Nov 23, 2022 (Estimated)",forecaster,Observed debris at the base of Crown Bowl.  Could not see track or start zone due to poor visability. ,
242,48.402214,-114.13365,Jewel Basin,16:15 (Exact),Swan Range,fac,View Observation,1,NE,45°,6000 ft,10 ft,D1,,SS-Soft Slab,O-Old Snow,30 ft,N-Naturalr-Remote,"Nov 23, 2022 (Exact)",forecaster,"Small slab on the lee side of a short, steep rollover.",20 cm (0.5 ft)
243,48.402214,-114.13365,test firefox,Not Reported,Swan Range,fac,View Observation,1,SW,,3000 ft,,D2.5,,U-Unknown,,,U-Unknownc-Intentional,"Nov 8, 2022 (Estimated)",public,test firefox,100 cm (3.5 ft)
244,48.402214,-114.13365,Whitefish Mountain,Not Reported,Whitefish Range,fac,View Observation,2,N,,7200 ft,,D2,,U-Unknown,,,N-Natural,"Nov 5, 2022 (Estimated)",public,Date estimated,35 cm (1 ft)
245,48.402214,-114.13365,Crown Bowl,Not Reported,Swan Range,fac,View Observation,5,W,,6900 ft,,D1.5,,SS-Soft Slab,,,AS-Skierc-Intentional,"Nov 4, 2022 (Exact)",public,Triggered by ski cuts,25 cm (1 ft)
